<?xml version="1.0" encoding="utf-8"?>
<extension type="component" version="3.2" method="upgrade">
	<name>COM_RSMONIALS</name>
	<creationDate>December 2013</creationDate>
	<author>RS Web Solutions</author>
	<copyright>Copyright (c) 2013-2022 RS Web Solutions - Development Team</copyright>
	<license>GNU/GPL http://www.gnu.org/copyleft/gpl.html</license>
	<authorEmail>support@rswebsols.com</authorEmail>
	<authorUrl>http://www.rswebsols.com</authorUrl>
	<version>2.2</version>
	<description>RS-Monials is a Testimonial Component developed for Joomla!. Using this component you can able to easily accept, manage and display testimonials from your clients or buyers.</description>	
	<files folder="site">
		<filename>index.html</filename>
		<filename>rsmonials.php</filename>
		<filename>router.php</filename>
		<filename>includes/index.html</filename>
		<filename>includes/rsfunctions.php</filename>
		<filename>includes/rssettings.php</filename>
		<filename>includes/rscaptcha.php</filename>
		<filename>includes/recaptchalib.php</filename>
		<filename>css/index.html</filename>
		<filename>css/style.css</filename>
		<filename>css/default_style.css</filename>
		<filename>images/index.html</filename>
		<filename>images/captcha.png</filename>
		<filename>images/default_user_0.png</filename>
		<filename>images/default_user_1.png</filename>
		<filename>images/default_user_2.png</filename>
		<filename>images/quote-left.png</filename>
		<filename>images/quote-right.png</filename>
		<filename>images/quote_left.png</filename>
		<filename>images/quote_right.png</filename>
		<filename>images/lrs.gif</filename>
		<filename>images/rrs.gif</filename>
		<filename>views/index.html</filename>
		<filename>views/rsmonials/index.html</filename>
		<filename>views/rsmonials/tmpl/index.html</filename>
		<filename>views/rsmonials/tmpl/default.xml</filename>
		<filename>js/index.html</filename>
		<filename>js/core.js</filename>
	</files>
	
	<languages folder="site">
		<language tag="en-GB">lang/en-GB.com_rsmonials.ini</language>
	</languages>
	
	<install>
		<sql>
			<file driver="mysql" charset="utf8">sql/install.mysql.sql</file>
		</sql>
	</install>
	<uninstall>
		<sql>
			<file driver="mysql" charset="utf8">sql/uninstall.mysql.sql</file>
		</sql>
	</uninstall>
	
	<installfile>install.rsmonials.php</installfile>
	<uninstallfile>uninstall.rsmonials.php</uninstallfile>
	
	<administration>
		<menu img="components/com_rsmonials/images/rs.png" link="option=com_rsmonials">COM_RSMONIALS</menu>
		<submenu>
			<menu link="option=com_rsmonials&amp;view=testi">COM_RSMONIALS_TESTIMONIALS</menu>
			<menu link="option=com_rsmonials&amp;view=conf">COM_RSMONIALS_SETTINGS</menu>
			<menu link="option=com_rsmonials&amp;view=style">COM_RSMONIALS_DISPLAY_STYLE</menu>
			<menu link="option=com_rsmonials&amp;view=css">COM_RSMONIALS_CSS_FILE</menu>
			<menu link="option=com_rsmonials&amp;view=lang">COM_RSMONIALS_LANGUAGE_FILE</menu>
			<menu link="option=com_rsmonials&amp;view=spam">COM_RSMONIALS_SPAM</menu>
			<menu link="option=com_rsmonials&amp;view=doc">COM_RSMONIALS_DOCUMENTATION</menu>
		</submenu>
    <files folder="admin">
      <filename>index.html</filename>
	  <filename>rsmonials.php</filename>
	  <filename>admin.rssettings.php</filename>
	  <filename>admin.rstestimonials.php</filename>
	  <filename>admin.rsstyle.php</filename>
	  <filename>admin.rslanguage.php</filename>
	  <filename>admin.rsstylesettings.php</filename>
	  <filename>admin.rsdocumentation.php</filename>
	  <filename>admin.rsspam.php</filename>
	  <filename>includes/index.html</filename>
	  <filename>includes/admin.rsfunctions.php</filename>
	  <filename>includes/admin.rssettings.php</filename>
	  <filename>includes/admin.rsfooter.php</filename>
	  <filename>includes/admin.rsheader.php</filename>
	  <filename>images/index.html</filename>
      <filename>images/rs.png</filename>
	  <filename>images/rsmonials.png</filename>
	  <filename>images/conf.png</filename>
	  <filename>images/doc.gif</filename>
	  <filename>images/testi.gif</filename>
	  <filename>images/css.png</filename>
	  <filename>images/language.png</filename>
	  <filename>images/style.png</filename>
	  <filename>images/edit_f2.png</filename>
	  <filename>images/delete_f2.png</filename>
	  <filename>images/new_f2.png</filename>
	  <filename>images/restore_f2.png</filename>
	  <filename>images/tick.png</filename>
	  <filename>images/publish_x.png</filename>
	  <filename>sql/index.html</filename>
	  <filename>sql/install.mysql.sql</filename>
	  <filename>sql/uninstall.mysql.sql</filename>
    </files>
	<languages folder="admin">
		<language tag="en-GB">lang/en-GB.com_rsmonials.ini</language>
		<language tag="en-GB">lang/en-GB.com_rsmonials.sys.ini</language>
	</languages>
  </administration>
</extension>